,autovalores
"('890.1',)",29924.979056420707
"('856.2',)",25605.05138057617
"('852.2',)",20392.317387481027
"('890.2',)",10507.745539189458
"('852.1',)",10038.427197014904
"('838.2',)",9559.09954848011
"('864.1',)",8054.339799637251
"('888.3',)",3413.308574227669
"('888.2',)",3287.736811796313
"('890.3',)",2282.2795877342046
"('888.1',)",2067.2014026372203
"('852r.3',)",1945.4625397150655
"('852r.2',)",1732.3158327289723
"('852r.1',)",1324.3623477329024
"('852.3',)",1291.1141078463263
"('848.1',)",1147.5422123894346
"('848.3',)",983.5673418516024
"('848.2',)",962.5582723706547
"('846.3',)",831.1687479488828
"('846.1',)",719.1506309464506
"('846.2',)",707.2389969679089
"('844.1',)",639.4165057344788
"('844.3',)",581.9819027344496
"('844.2',)",555.5622005904684
"('862.3',)",532.8659367500512
"('862.2',)",469.34127958175134
"('840.3',)",453.8786186162064
"('862.1',)",451.42078181014665
"('840.2',)",448.0668295325218
"('840.1',)",418.5139394569571
"('836.3',)",376.3011091832208
"('836.2',)",307.3432201606486
"('836.1',)",249.27687163242666
"('860.3',)",240.00102830414733
"('842.1',)",214.0570908459489
"('842.3',)",203.99478872501643
"('842.2',)",200.71093865849022
"('860.2',)",180.20481416134655
"('860.1',)",145.0429843874744
"('834.3',)",131.80480138640561
"('834.2',)",114.20340353391104
"('858.3',)",109.4004864853267
"('834.1',)",100.88047246133753
"('858.1',)",97.65968648661942
"('832.2',)",95.40052513513051
"('832.3',)",94.77849490239483
"('858.2',)",84.18140868065882
"('832.1',)",78.8662562992819
"('854.1',)",75.25459200799592
"('854.2',)",73.10036068030502
"('854.3',)",68.60102012926521
"('830.3',)",65.60969530524433
"('828.3',)",58.42037211149879
"('830.2',)",57.57114946469265
"('828.1',)",53.983317216976694
"('830.1',)",50.530451298833164
"('822.1',)",48.90127785754698
"('826.2',)",45.838929825242005
"('828.2',)",38.66044448678069
"('816.2',)",36.692318924197316
"('820.1',)",34.95751852404186
"('824.2',)",30.633654407656586
"('824.3',)",30.578460121279775
"('850.3',)",30.357314209207544
"('824.1',)",27.712087517271566
"('818.1',)",24.85580506877625
"('816.3',)",23.050509949254646
"('816.1',)",20.831890272860345
"('850.2',)",19.717060630479605
"('850.1',)",18.496323001678196
"('814.2',)",13.601725228312667
"('814r.1',)",13.290806653325527
"('814r.3',)",13.197297730826271
"('814.3',)",11.684463495035779
"('814r.2',)",11.54857802447749
"('808.2',)",11.376349316079477
"('806.2',)",10.51578472809978
"('806.1',)",10.284330269217557
"('812.2',)",10.11464183442555
"('812.1',)",9.05365382684067
"('812.3',)",8.920599380274586
"('814.1',)",8.837275184247234
"('802.3',)",6.710206432843795
"('808.3',)",6.562805317617955
"('810.2',)",6.337022012983352
"('806.3',)",5.742027921556425
"('808.1',)",5.587634888010848
"('802.2',)",4.394096379449641
"('802.1',)",4.259765997215176
"('800.3',)",0.25911512454310026
"('sourcebus.3',)",0.25711487204489086
"('800.2',)",0.22670482950504373
"('sourcebus.2',)",0.22495215995354464
"('800.1',)",0.17353059357552084
"('sourcebus.1',)",0.17219429983176962
